Name,LastName,Age
Limberth,Arce,21
Jose,Smith,22
Kevin,Garcia,18
Jose,Flores,19
Ashly,Johnson,23
Christopher,Lopez,23
Jonathan,Flores,18
Ashly,Lopez,20
Charlie,Garcia,18
 Oscar,Miranda,20
 Oscar,Flores,22
Limberth,Garcia,21
Bob,Flores,19
John,Miranda,20
Juan,Gonzalez,21
Jose,Rodriguez,19
Jane,Rodriguez,19
Christopher,Brown,23
Juan,Ramirez,22
Christopher,Gonzalez,18
Ivania,Arce,19
Christopher,Gonzalez,21
Roberto,Arce,20
Jane,Perez,20
Charlie,Brown,19
John,Torres,24
Ashly,Arce,23
John,Perez,21
Roberto,Perez,18
Ivania,Brown,24
Ashly,Ramirez,24
Alice,Martinez,18
Alice,Miranda,24
Kevin,Smith,21
Christopher,Torres,22
Juan,Flores,21
Roberto,Johnson,19
Jane,Miranda,18
Ashly,Smith,22
Bob,Smith,19
Roberto,Arce,23
Ashly,Perez,18
Bob,Perez,21
Charlie,Smith,19
Limberth,Martinez,23
 Oscar,Garcia,19
Limberth,Martinez,22
Charlie,Martinez,20
Ivania,Martinez,22
Christopher,Doe,22
Jane,Lopez,21
 Oscar,Lopez,24
Alice,Brown,18
Ivania,Smith,22
 Oscar,Brown,21
Jane,Torres,24
Alice,Doe,18
Ivania,Brown,18
Bob,Lopez,18
Juan,Torres,21
Bob,Torres,24
Ashly,Ramirez,19
Charlie,Arce,24
Charlie,Smith,22
Jonathan,Doe,19
Roberto,Lopez,22
Charlie,Gonzalez,22
Alice,Brown,18
Alice,Brown,19
Jonathan,Perez,22
Bob,Arce,21
Limberth,Gonzalez,18
Limberth,Martinez,19
Jose,Lopez,18
John,Brown,20
 Oscar,Garcia,23
Alice,Arce,24
Kevin,Torres,23
Alice,Johnson,19
Ivania,Garcia,23
Juan,Gonzalez,23
Ashly,Smith,19
Limberth,Ramirez,19
Christopher,Lopez,23
 Oscar,Perez,21
Ashly,Smith,18
Charlie,Smith,19
John,Lopez,21
Ivania,Miranda,22
Charlie,Johnson,19
Roberto,Johnson,24
Roberto,Flores,21
Limberth,Miranda,24
Alice,Martinez,18
Christopher,Martinez,23
Alice,Rodriguez,23
Roberto,Lopez,18
Ivania,Johnson,23
Ivania,Arce,22
Jose,Arce,22
 Oscar,Flores,22
Roberto,Miranda,18
Kevin,Arce,21
Christopher,Brown,22
Juan,Lopez,19
Jonathan,Johnson,22
 Oscar,Martinez,19
Bob,Perez,22
Juan,Garcia,23
Charlie,Arce,19
Christopher,Lopez,20
Juan,Brown,20
 Oscar,Garcia,19
John,Johnson,18
Ivania,Miranda,19
John,Smith,20
Kevin,Johnson,18
Charlie,Garcia,18
Charlie,Martinez,18
Juan,Rodriguez,19
